onset	duration	trial_type	value	sample
2	0.1	NonTarget	1	2000
2.201	0.1	Target	2	2201
2.334	0.1	NonTarget	1	2334
2.501	0.1	NonTarget	1	2501
2.634	0.1	Target	2	2634
2.801	0.1	NonTarget	1	2801
2.968	0.1	NonTarget	1	2968
3.101	0.1	NonTarget	1	3101
3.268	0.1	Target	2	3268
3.435	0.1	NonTarget	1	3435
3.568	0.1	NonTarget	1	3568
3.735	0.1	NonTarget	1	3735
3.869	0.1	NonTarget	1	3869
4.035	0.1	Target	2	4035
4.202	0.1	NonTarget	1	4202
4.369	0.1	NonTarget	1	4369
4.502	0.1	NonTarget	1	4502
4.669	0.1	NonTarget	1	4669
4.836	0.1	NonTarget	1	4836
4.969	0.1	Target	2	4969
5.136	0.1	NonTarget	1	5136
5.27	0.1	NonTarget	1	5270
5.436	0.1	NonTarget	1	5436
5.603	0.1	Target	2	5603
5.737	0.1	NonTarget	1	5737
5.904	0.1	NonTarget	1	5904
6.037	0.1	NonTarget	1	6037
6.204	0.1	Target	2	6204
6.337	0.1	NonTarget	1	6337
6.504	0.1	Target	2	6504
6.637	0.1	NonTarget	1	6637
6.804	0.1	NonTarget	1	6804
6.971	0.1	NonTarget	1	6971
7.104	0.1	NonTarget	1	7104
7.271	0.1	NonTarget	1	7271
7.438	0.1	NonTarget	1	7438
7.605	0.1	Target	2	7605
7.738	0.1	NonTarget	1	7738
7.905	0.1	Target	2	7905
8.039	0.1	NonTarget	1	8039
8.205	0.1	NonTarget	1	8205
8.372	0.1	Target	2	8372
8.506	0.1	NonTarget	1	8506
8.672	0.1	NonTarget	1	8672
8.806	0.1	NonTarget	1	8806
8.973	0.1	Target	2	8973
9.139	0.1	NonTarget	1	9139
9.306	0.1	NonTarget	1	9306
9.44	0.1	NonTarget	1	9440
9.606	0.1	NonTarget	1	9606
9.74	0.1	Target	2	9740
9.907	0.1	NonTarget	1	9907
10.074	0.1	NonTarget	1	10074
10.24	0.1	NonTarget	1	10240
10.374	0.1	NonTarget	1	10374
10.541	0.1	Target	2	10541
10.674	0.1	NonTarget	1	10674
10.841	0.1	NonTarget	1	10841
10.974	0.1	NonTarget	1	10974
11.141	0.1	NonTarget	1	11141
11.275	0.1	NonTarget	1	11275
11.441	0.1	Target	2	11441
11.608	0.1	NonTarget	1	11608
11.742	0.1	NonTarget	1	11742
11.908	0.1	NonTarget	1	11908
12.075	0.1	Target	2	12075
12.209	0.1	NonTarget	1	12209
12.375	0.1	NonTarget	1	12375
21.283	0.1	NonTarget	1	21283
21.449	0.1	Target	2	21449
21.616	0.1	NonTarget	1	21616
21.783	0.1	NonTarget	1	21783
21.916	0.1	NonTarget	1	21916
22.05	0.1	Target	2	22050
22.217	0.1	NonTarget	1	22217
22.383	0.1	Target	2	22383
22.517	0.1	NonTarget	1	22517
22.684	0.1	NonTarget	1	22684
22.851	0.1	NonTarget	1	22851
23.017	0.1	NonTarget	1	23017
23.184	0.1	NonTarget	1	23184
23.318	0.1	NonTarget	1	23318
23.484	0.1	Target	2	23484
23.618	0.1	NonTarget	1	23618
23.785	0.1	NonTarget	1	23785
23.951	0.1	Target	2	23951
24.085	0.1	NonTarget	1	24085
24.218	0.1	NonTarget	1	24218
24.385	0.1	NonTarget	1	24385
24.552	0.1	NonTarget	1	24552
24.685	0.1	NonTarget	1	24685
24.852	0.1	Target	2	24852
25.019	0.1	NonTarget	1	25019
25.152	0.1	NonTarget	1	25152
25.319	0.1	NonTarget	1	25319
25.453	0.1	Target	2	25453
25.619	0.1	NonTarget	1	25619
25.786	0.1	NonTarget	1	25786
25.92	0.1	NonTarget	1	25920
26.053	0.1	NonTarget	1	26053
26.22	0.1	NonTarget	1	26220
26.387	0.1	Target	2	26387
26.554	0.1	NonTarget	1	26554
26.687	0.1	Target	2	26687
26.82	0.1	NonTarget	1	26820
26.987	0.1	NonTarget	1	26987
27.121	0.1	NonTarget	1	27121
27.287	0.1	NonTarget	1	27287
27.454	0.1	Target	2	27454
27.621	0.1	NonTarget	1	27621
27.754	0.1	NonTarget	1	27754
27.921	0.1	NonTarget	1	27921
28.055	0.1	Target	2	28055
28.222	0.1	NonTarget	1	28222
28.355	0.1	NonTarget	1	28355
28.522	0.1	NonTarget	1	28522
28.689	0.1	NonTarget	1	28689
28.822	0.1	NonTarget	1	28822
28.955	0.1	NonTarget	1	28955
29.122	0.1	Target	2	29122
29.289	0.1	NonTarget	1	29289
29.422	0.1	Target	2	29422
29.589	0.1	NonTarget	1	29589
29.756	0.1	NonTarget	1	29756
29.89	0.1	NonTarget	1	29890
30.056	0.1	NonTarget	1	30056
30.19	0.1	NonTarget	1	30190
30.357	0.1	Target	2	30357
30.523	0.1	NonTarget	1	30523
30.657	0.1	NonTarget	1	30657
30.824	0.1	NonTarget	1	30824
30.957	0.1	NonTarget	1	30957
31.124	0.1	NonTarget	1	31124
31.257	0.1	Target	2	31257
31.424	0.1	NonTarget	1	31424
31.591	0.1	Target	2	31591
40.498	0.1	NonTarget	1	40498
40.665	0.1	NonTarget	1	40665
40.832	0.1	NonTarget	1	40832
40.965	0.1	NonTarget	1	40965
41.132	0.1	NonTarget	1	41132
41.299	0.1	Target	2	41299
41.432	0.1	NonTarget	1	41432
41.566	0.1	NonTarget	1	41566
41.732	0.1	Target	2	41732
41.866	0.1	Target	2	41866
42.033	0.1	NonTarget	1	42033
42.199	0.1	NonTarget	1	42199
42.333	0.1	Target	2	42333
42.466	0.1	NonTarget	1	42466
42.633	0.1	NonTarget	1	42633
42.8	0.1	NonTarget	1	42800
42.933	0.1	NonTarget	1	42933
43.1	0.1	NonTarget	1	43100
43.267	0.1	Target	2	43267
43.434	0.1	NonTarget	1	43434
43.567	0.1	NonTarget	1	43567
43.734	0.1	Target	2	43734
43.901	0.1	NonTarget	1	43901
44.034	0.1	NonTarget	1	44034
44.201	0.1	NonTarget	1	44201
44.368	0.1	NonTarget	1	44368
44.535	0.1	Target	2	44535
44.668	0.1	NonTarget	1	44668
44.835	0.1	NonTarget	1	44835
44.968	0.1	NonTarget	1	44968
45.135	0.1	NonTarget	1	45135
45.269	0.1	NonTarget	1	45269
45.435	0.1	NonTarget	1	45435
45.569	0.1	Target	2	45569
45.736	0.1	NonTarget	1	45736
45.902	0.1	NonTarget	1	45902
46.036	0.1	NonTarget	1	46036
46.169	0.1	NonTarget	1	46169
46.336	0.1	NonTarget	1	46336
46.503	0.1	Target	2	46503
46.67	0.1	NonTarget	1	46670
46.803	0.1	NonTarget	1	46803
46.937	0.1	Target	2	46937
47.103	0.1	NonTarget	1	47103
47.237	0.1	Target	2	47237
47.404	0.1	NonTarget	1	47404
47.57	0.1	NonTarget	1	47570
47.704	0.1	Target	2	47704
47.871	0.1	NonTarget	1	47871
48.038	0.1	NonTarget	1	48038
48.204	0.1	NonTarget	1	48204
48.371	0.1	NonTarget	1	48371
48.505	0.1	NonTarget	1	48505
48.671	0.1	Target	2	48671
48.805	0.1	NonTarget	1	48805
48.972	0.1	NonTarget	1	48972
49.138	0.1	NonTarget	1	49138
49.272	0.1	NonTarget	1	49272
49.405	0.1	NonTarget	1	49405
49.572	0.1	NonTarget	1	49572
49.739	0.1	NonTarget	1	49739
49.872	0.1	Target	2	49872
50.006	0.1	NonTarget	1	50006
50.173	0.1	NonTarget	1	50173
50.339	0.1	Target	2	50339
50.506	0.1	NonTarget	1	50506
50.64	0.1	NonTarget	1	50640
50.806	0.1	Target	2	50806
59.714	0.1	NonTarget	1	59714
59.914	0.1	NonTarget	1	59914
60.047	0.1	Target	2	60047
60.214	0.1	NonTarget	1	60214
60.347	0.1	NonTarget	1	60347
60.514	0.1	NonTarget	1	60514
60.681	0.1	NonTarget	1	60681
60.814	0.1	NonTarget	1	60814
60.981	0.1	NonTarget	1	60981
61.148	0.1	Target	2	61148
61.282	0.1	Target	2	61282
61.415	0.1	NonTarget	1	61415
61.582	0.1	NonTarget	1	61582
61.749	0.1	NonTarget	1	61749
61.882	0.1	NonTarget	1	61882
62.049	0.1	Target	2	62049
62.182	0.1	NonTarget	1	62182
62.349	0.1	NonTarget	1	62349
62.516	0.1	Target	2	62516
62.649	0.1	NonTarget	1	62649
62.816	0.1	NonTarget	1	62816
62.95	0.1	Target	2	62950
63.116	0.1	NonTarget	1	63116
63.25	0.1	NonTarget	1	63250
63.383	0.1	NonTarget	1	63383
63.583	0.1	NonTarget	1	63583
63.717	0.1	NonTarget	1	63717
63.884	0.1	Target	2	63884
64.05	0.1	NonTarget	1	64050
64.184	0.1	Target	2	64184
64.351	0.1	NonTarget	1	64351
64.484	0.1	NonTarget	1	64484
64.651	0.1	NonTarget	1	64651
64.784	0.1	NonTarget	1	64784
64.951	0.1	NonTarget	1	64951
65.118	0.1	NonTarget	1	65118
65.251	0.1	Target	2	65251
65.418	0.1	NonTarget	1	65418
65.585	0.1	Target	2	65585
65.718	0.1	NonTarget	1	65718
65.885	0.1	Target	2	65885
66.019	0.1	NonTarget	1	66019
66.185	0.1	NonTarget	1	66185
66.319	0.1	Target	2	66319
66.486	0.1	NonTarget	1	66486
66.653	0.1	NonTarget	1	66653
66.786	0.1	NonTarget	1	66786
66.953	0.1	NonTarget	1	66953
67.086	0.1	NonTarget	1	67086
67.22	0.1	NonTarget	1	67220
67.386	0.1	NonTarget	1	67386
67.553	0.1	NonTarget	1	67553
67.687	0.1	Target	2	67687
67.854	0.1	NonTarget	1	67854
67.987	0.1	NonTarget	1	67987
68.12	0.1	Target	2	68120
68.287	0.1	NonTarget	1	68287
68.454	0.1	NonTarget	1	68454
68.587	0.1	NonTarget	1	68587
68.754	0.1	Target	2	68754
68.888	0.1	NonTarget	1	68888
69.054	0.1	NonTarget	1	69054
69.188	0.1	NonTarget	1	69188
69.355	0.1	NonTarget	1	69355
69.488	0.1	Target	2	69488
69.655	0.1	NonTarget	1	69655
69.788	0.1	NonTarget	1	69788
69.955	0.1	NonTarget	1	69955
78.879	0.1	NonTarget	1	78879
79.029	0.1	NonTarget	1	79029
79.213	0.1	NonTarget	1	79213
79.346	0.1	NonTarget	1	79346
79.48	0.1	NonTarget	1	79480
79.646	0.1	Target	2	79646
79.813	0.1	Target	2	79813
79.98	0.1	NonTarget	1	79980
80.113	0.1	NonTarget	1	80113
80.28	0.1	Target	2	80280
80.414	0.1	NonTarget	1	80414
80.564	0.1	NonTarget	1	80564
80.747	0.1	NonTarget	1	80747
80.881	0.1	NonTarget	1	80881
81.047	0.1	Target	2	81047
81.198	0.1	NonTarget	1	81198
81.348	0.1	NonTarget	1	81348
81.515	0.1	NonTarget	1	81515
81.681	0.1	Target	2	81681
81.815	0.1	NonTarget	1	81815
81.982	0.1	NonTarget	1	81982
82.115	0.1	NonTarget	1	82115
82.265	0.1	Target	2	82265
82.415	0.1	NonTarget	1	82415
82.582	0.1	NonTarget	1	82582
82.716	0.1	Target	2	82716
82.866	0.1	NonTarget	1	82866
83.016	0.1	NonTarget	1	83016
83.183	0.1	NonTarget	1	83183
83.333	0.1	NonTarget	1	83333
83.483	0.1	Target	2	83483
83.616	0.1	NonTarget	1	83616
83.783	0.1	NonTarget	1	83783
83.95	0.1	NonTarget	1	83950
84.1	0.1	NonTarget	1	84100
84.25	0.1	NonTarget	1	84250
84.417	0.1	NonTarget	1	84417
84.584	0.1	Target	2	84584
84.717	0.1	NonTarget	1	84717
84.884	0.1	NonTarget	1	84884
85.017	0.1	NonTarget	1	85017
85.167	0.1	Target	2	85167
85.318	0.1	NonTarget	1	85318
85.468	0.1	NonTarget	1	85468
85.635	0.1	NonTarget	1	85635
85.785	0.1	Target	2	85785
85.951	0.1	NonTarget	1	85951
86.118	0.1	NonTarget	1	86118
86.285	0.1	Target	2	86285
86.418	0.1	NonTarget	1	86418
86.585	0.1	NonTarget	1	86585
86.719	0.1	NonTarget	1	86719
86.869	0.1	Target	2	86869
87.019	0.1	NonTarget	1	87019
87.186	0.1	NonTarget	1	87186
87.303	0.1	NonTarget	1	87303
87.469	0.1	NonTarget	1	87469
87.653	0.1	NonTarget	1	87653
87.786	0.1	NonTarget	1	87786
87.953	0.1	NonTarget	1	87953
88.087	0.1	Target	2	88087
88.253	0.1	NonTarget	1	88253
88.42	0.1	NonTarget	1	88420
88.554	0.1	NonTarget	1	88554
88.687	0.1	Target	2	88687
88.854	0.1	Target	2	88854
89.021	0.1	NonTarget	1	89021
89.171	0.1	NonTarget	1	89171
98.095	0.1	NonTarget	1	98095
98.261	0.1	NonTarget	1	98261
98.428	0.1	NonTarget	1	98428
98.562	0.1	NonTarget	1	98562
98.712	0.1	Target	2	98712
98.879	0.1	NonTarget	1	98879
99.029	0.1	NonTarget	1	99029
99.195	0.1	Target	2	99195
99.362	0.1	NonTarget	1	99362
99.529	0.1	Target	2	99529
99.663	0.1	NonTarget	1	99663
99.829	0.1	NonTarget	1	99829
99.996	0.1	NonTarget	1	99996
100.13	0.1	NonTarget	1	100130
100.263	0.1	Target	2	100263
100.43	0.1	NonTarget	1	100430
100.597	0.1	NonTarget	1	100597
100.73	0.1	Target	2	100730
100.897	0.1	NonTarget	1	100897
101.064	0.1	NonTarget	1	101064
101.23	0.1	NonTarget	1	101230
101.364	0.1	Target	2	101364
101.531	0.1	NonTarget	1	101531
101.664	0.1	Target	2	101664
101.798	0.1	NonTarget	1	101798
101.964	0.1	NonTarget	1	101964
102.131	0.1	NonTarget	1	102131
102.298	0.1	NonTarget	1	102298
102.431	0.1	NonTarget	1	102431
102.598	0.1	NonTarget	1	102598
102.732	0.1	NonTarget	1	102732
102.898	0.1	Target	2	102898
103.032	0.1	NonTarget	1	103032
103.199	0.1	NonTarget	1	103199
103.332	0.1	NonTarget	1	103332
103.499	0.1	NonTarget	1	103499
103.649	0.1	NonTarget	1	103649
103.799	0.1	NonTarget	1	103799
103.966	0.1	NonTarget	1	103966
104.099	0.1	NonTarget	1	104099
104.25	0.1	Target	2	104250
104.383	0.1	NonTarget	1	104383
104.566	0.1	NonTarget	1	104566
104.733	0.1	Target	2	104733
104.883	0.1	NonTarget	1	104883
105.017	0.1	Target	2	105017
105.184	0.1	NonTarget	1	105184
105.317	0.1	NonTarget	1	105317
105.501	0.1	NonTarget	1	105501
105.634	0.1	NonTarget	1	105634
105.801	0.1	NonTarget	1	105801
105.968	0.1	Target	2	105968
106.101	0.1	NonTarget	1	106101
106.268	0.1	NonTarget	1	106268
106.401	0.1	Target	2	106401
106.535	0.1	NonTarget	1	106535
106.702	0.1	NonTarget	1	106702
106.868	0.1	Target	2	106868
107.002	0.1	NonTarget	1	107002
107.135	0.1	NonTarget	1	107135
107.302	0.1	NonTarget	1	107302
107.469	0.1	NonTarget	1	107469
107.602	0.1	NonTarget	1	107602
107.769	0.1	Target	2	107769
107.936	0.1	NonTarget	1	107936
108.103	0.1	NonTarget	1	108103
108.236	0.1	NonTarget	1	108236
108.403	0.1	Target	2	108403
117.31	0.1	Target	2	117310
117.477	0.1	NonTarget	1	117477
117.644	0.1	NonTarget	1	117644
117.811	0.1	NonTarget	1	117811
117.944	0.1	NonTarget	1	117944
118.077	0.1	NonTarget	1	118077
118.244	0.1	NonTarget	1	118244
118.411	0.1	NonTarget	1	118411
118.578	0.1	NonTarget	1	118578
118.711	0.1	NonTarget	1	118711
118.878	0.1	NonTarget	1	118878
119.011	0.1	Target	2	119011
119.178	0.1	Target	2	119178
119.345	0.1	NonTarget	1	119345
119.479	0.1	NonTarget	1	119479
119.645	0.1	NonTarget	1	119645
119.779	0.1	NonTarget	1	119779
119.912	0.1	NonTarget	1	119912
120.079	0.1	NonTarget	1	120079
120.246	0.1	Target	2	120246
120.379	0.1	NonTarget	1	120379
120.513	0.1	NonTarget	1	120513
120.679	0.1	NonTarget	1	120679
120.846	0.1	NonTarget	1	120846
120.98	0.1	Target	2	120980
121.147	0.1	NonTarget	1	121147
121.28	0.1	NonTarget	1	121280
121.447	0.1	Target	2	121447
121.614	0.1	Target	2	121614
121.747	0.1	NonTarget	1	121747
121.914	0.1	NonTarget	1	121914
122.081	0.1	Target	2	122081
122.247	0.1	NonTarget	1	122247
122.414	0.1	NonTarget	1	122414
122.548	0.1	Target	2	122548
122.714	0.1	NonTarget	1	122714
122.848	0.1	NonTarget	1	122848
122.981	0.1	NonTarget	1	122981
123.182	0.1	NonTarget	1	123182
123.315	0.1	Target	2	123315
123.482	0.1	NonTarget	1	123482
123.615	0.1	NonTarget	1	123615
123.782	0.1	Target	2	123782
123.949	0.1	NonTarget	1	123949
124.082	0.1	Target	2	124082
124.249	0.1	NonTarget	1	124249
124.382	0.1	NonTarget	1	124382
124.549	0.1	Target	2	124549
124.683	0.1	NonTarget	1	124683
124.85	0.1	NonTarget	1	124850
125.016	0.1	NonTarget	1	125016
125.183	0.1	NonTarget	1	125183
125.317	0.1	NonTarget	1	125317
125.483	0.1	NonTarget	1	125483
125.65	0.1	Target	2	125650
125.784	0.1	NonTarget	1	125784
125.95	0.1	NonTarget	1	125950
126.084	0.1	NonTarget	1	126084
126.217	0.1	NonTarget	1	126217
126.384	0.1	NonTarget	1	126384
126.551	0.1	Target	2	126551
126.718	0.1	NonTarget	1	126718
126.851	0.1	NonTarget	1	126851
127.018	0.1	NonTarget	1	127018
127.185	0.1	NonTarget	1	127185
127.318	0.1	Target	2	127318
127.452	0.1	NonTarget	1	127452
127.618	0.1	NonTarget	1	127618
